"X1","X2","X3","X4","X5","X6","X7","X8","X9","X10","X11","X12","X13","X14","X15","X16","X17","X18","X19","X20","X21","X22","X23","X24","X25","X26","X27","X28","X29","X30","X31","X32","X33","X34","X35","X36","X37","X38","X39","X40","X41","X42","X43","X44","X45","X46","X47","X48","X49","X50","X51","X52","X53","X54","X55","X56","X57","X58","X59","X60","X61","X62","X63","X64","X65","X66","X67","X68","X69","X70","X71","X72","X73","X74","X75","X76","X77","X78","X79","X80","X81","X82","X83","X84","X85","X86","X87","X88","X89","X90","X91","X92","X93","X94","X95","X96","X97","X98","X99","X100","X101","X102","X103","X104","X105","X106","X107","X108","X109","X110","X111","X112","X113","X114","X115","X116","X117","X118","X119","X120"
"1",-1.98646316038352,-0.0393567208725285,0.197695534528944,0.249432824315948,-1.17578470448427,-0.116864905365944,0.277834350287187,0.334071967032928,-1.05603099703293,0.0338163422413195,0.164617887390743,-0.225777769113542,-0.307435786115657,0.00558352145101226,-0.0994533332830653,0.317567875090127,-0.139919372158251,0.392867820912093,-0.0731454549303877,0.0396217989380343,-0.347835359501531,0.43516421429733,0.00579536713620783,-0.144968296278664,0.115892123368567,-0.188685103049352,0.169983255633964,0.143246005045983,-0.203384684237489,0.210332913051947,-0.650264523168873,-0.0227609795333496,0.0192000206700383,0.071903425908635,-0.410992208914666,0.00395530946751303,0.101782151752387,0.136027077414118,-0.352845508065684,0.00954172216273451,0.0825208957332482,-0.106200827823432,-0.0484340682134772,0.0199154680788742,-0.0416208055424628,0.150387984087899,-0.0246910256050195,0.140352222783964,-0.0603092357121219,0.000181015537808451,-0.179673293221201,0.174891247538578,0.0291177000858398,-0.0243151613870517,0.00392458998522516,-0.0137019365018916,0.0643781932949736,0.059345447724946,-0.054075967899034,-0.000678607014019589,-1.9323158019176,-0.0494646533622427,0.253725578246008,0.307701813089533,-1.2020626587847,-0.127615036614132,0.31210852981832,0.264665776068483,-1.13799778836602,0.137455356817407,0.23671419850355,-0.285362679990929,-0.455185559121758,-0.0389572964581273,-0.0428466058737701,0.392646652920225,0.0495815377594128,0.416381801787635,-0.103115682898827,0.203094740966787,-0.243475200313991,0.337115105232343,0.0848116378689235,-0.275646008019436,0.169822980332637,-0.238657841469211,0.174939069064319,0.0811967837746685,-0.139467934910763,0.408699929425883,-0.584655949177697,-0.0646985806666148,-0.14891726144938,0.0463630267131064,-0.496007423361113,0.172013044076094,0.149889684889396,0.211570700705202,-0.383508474728875,0.0371664926839423,0.217146065849519,-0.249828750591567,0.118494116084789,0.0772857058233083,-0.056630674198462,0.353542346262693,0.126271004825124,0.185775346328876,-0.214008981309572,0.0025669931145807,-0.399799267041451,0.261554248941453,0.164200101158494,0.0281560175227034,-0.116922928910606,0.166412875416392,0.0968985634397007,0.0850494914729816,0.022105322597057,-0.217714580348048
"2",0.135288326952426,-1.98720818725886,0.753559581078437,0.345006808958416,0.260493877807826,0.141014736318873,0.265640791748113,0.269292012352489,0.201620955468397,-0.0430358845288092,0.0277724671083161,0.482670305393398,-0.138566863213639,0.484470403641272,0.826360911975471,-0.436187605553731,-0.301931792925983,0.562444332489483,-0.0980231961200076,0.190803980637295,-0.141555837346634,-0.285848914961081,0.62635725277008,-0.134001103168897,-0.0600378566131166,0.403603029542499,0.101784143349419,0.310726754013979,0.45582169049427,-0.175198964412713,0.0129053206625334,-0.629908318756507,0.213346489004641,0.144997828641759,0.0528936074649222,0.0284437189589571,0.150512694106925,0.100746277024515,0.0420775608683557,0.00559504862410453,0.0284003861184699,0.220503993979243,-0.010508041563912,0.149191578075631,0.290389176524496,-0.157736373970269,-0.124243843195786,0.210928957432581,0.0211019549627705,0.0521663427855738,-0.0756416477583043,-0.129165283583498,0.19530561562179,-0.00628999839031043,-0.00913587082309556,0.113403549422176,0.0547078108047703,0.0925207297604625,0.166881104024978,-0.0767950895297323,0.149121993803915,-1.93604093629429,0.699287308211273,0.427138384317271,0.308290526365954,0.146065365843944,0.168600848514445,0.399008584574981,0.278030010490872,0.00100564782770944,0.0874549073262976,0.454523469663493,-0.0487522677064185,0.546618197849015,0.87597647508505,-0.525325351330584,-0.127434501994567,0.471759327427199,-0.144727596570856,0.135337105727532,-0.12084811307897,-0.246785342426848,0.639404164603548,-0.16281718505526,-0.101470179820913,0.289841630279643,0.218418774237701,0.303258969797367,0.450998735197652,0.0263989205690063,-0.111246610340071,-0.48287492711587,0.0438955792962331,0.292357256383861,-0.0669249168997804,-0.0441175104553548,0.36602910045925,0.187914226060086,-0.0329704512752583,0.100036933277775,0.124866121187255,0.449577284128382,0.162153808301031,0.120713283592375,0.366669854358377,-0.23681097770532,-0.160477728433816,0.274490675489502,0.220639236156913,-0.0120625518917791,-0.182564547573455,-0.251673340457971,0.145734045026666,0.13761278497819,0.0205603469660787,-0.00904009203340425,0.176705073187387,0.0458120487114695,0.22503561436699,-0.0831775334378041
"3",-0.31298162093195,-0.0670171172974282,-2.00973863966221,-0.193399434383445,0.157412361715932,-0.020034659567816,0.132085833416243,-0.0405639019004774,0.11195305970317,-0.249782418901069,-0.352733450219795,-0.239758028675074,0.0971027747622813,0.0450502376326291,-0.320358224037137,0.452737499819668,0.0478998549258492,-0.661245255170335,-0.127677005596064,0.391228836950976,0.138332018438112,0.270523353394105,-0.141931617566454,-0.420417177504069,-0.245776383039913,0.203750612777079,0.184970789188413,-0.055549327276845,-0.483985256619897,0.201304161999137,-0.0856817932115194,0.0105725021594928,-0.693457447670167,-0.0234892550554833,0.0411845187410061,0.00109571670868875,0.0125956122337084,-0.0582144036793974,0.060574531530257,-0.0940258432806774,-0.138699963189283,-0.110033714166118,0.0447335815408104,0.0465838170072451,-0.11048465348643,0.176069993262814,-0.00418371653161665,-0.22537962507709,-0.0636145758656719,0.114846817997347,0.0568771303178169,0.0809019860069675,-0.0461557032517461,-0.173680659319169,-0.0960693074942524,0.0975219644068602,0.0804424250067894,0.00572399904836719,-0.171188325747384,0.0234657100635649,-0.170118826324319,-0.0372258306861841,-2.04869319831103,-0.364051698155686,-0.0389650207858843,0.131828674369145,0.180624252288084,0.205032753975203,0.0184485009677508,-0.237836620482302,-0.458180508529037,-0.294753387480296,0.0985690457125445,-0.0980371224388575,-0.237498515678301,0.302988506306334,0.0659587658832153,-0.671290389111829,0.029471763883398,0.397496125581349,0.0932371628480498,0.24814656581164,-0.233649571630933,-0.361878270441075,-0.0826196887339284,0.22223845790543,0.18830672076937,-0.213005596360636,-0.254316497616701,0.221202884389994,0.0365207933875469,0.152149096064449,-0.800620571684169,0.0835355493097628,-0.0694196827501509,0.0828125742795187,-0.0969569104291684,-0.155121263904457,0.122433725135251,-0.133104058395706,-0.258337568423103,-0.248822985532234,0.0946862983377646,0.125156314835558,-0.0976590659296888,0.226783635383403,-0.0787654189067602,-0.248586163138836,-0.0954539487071196,0.0546847369288899,0.0849113418082477,0.0363531963152092,-0.072109010858284,-0.288334090902756,-0.0982591286493841,0.222104953374313,0.156696383309716,0.0502003419163656,-0.134071700242661,-0.144444091550739
"4",-0.814653019908062,1.02362607521406,-0.366786607728473,-1.96639081777526,-0.0843477223470624,0.138342195339018,-0.719742909329803,-0.356118041542918,0.672811945485047,0.0520553960213487,0.0208007656728394,-0.484789543610793,0.228652283829309,-0.867165943748377,-0.409322888599662,-0.346579610403074,0.0032884192503177,-1.20009630092135,0.00439620993147733,0.16453652049544,-0.009528257098063,-0.16453828241746,-0.19687276444574,0.499077810698877,-0.00786222266509958,-0.0406892271591904,-0.393375680058241,-0.614592137792973,0.702137119088798,-0.331933902134276,-0.265658703416514,0.37046603711921,-0.126779748648477,-0.658017362056401,-0.0384095209704065,0.0302461086919363,-0.239019964586754,-0.110344046373271,0.207458787883238,0.0211023930616394,0.00345315258876356,-0.139004899838632,0.0722431691387531,-0.26071563000857,-0.138963286464715,-0.143035855440284,0.0510356531954725,-0.388022617312161,-0.0434386312840477,0.0728895984884798,-0.0628073357584534,-0.059902643562747,-0.0638866919231686,0.168253861758188,-0.012656246481363,-0.032183276635144,-0.126274752687075,-0.222545808752736,0.2133651180974,-0.109740538211644,-0.898967027907256,0.986137466031147,-0.291375697145311,-1.83195408887632,-0.100152244495418,0.188604941622259,-0.646983187946482,-0.234953785596456,0.751496108784865,0.0107394541906589,-0.112008233636057,-0.46226962668147,0.305532090735525,-1.02823259050651,-0.400343079063639,-0.254847987143588,-0.0227509418464889,-1.25665026940522,0.0654574953020854,-0.0328651415717504,0.0707244197097003,-0.178427278357339,-0.031217556354256,0.479722480424757,0.134006756713779,-0.0334356384825854,-0.377972909410676,-0.53221630772547,0.772268558784737,-0.273889327424041,-0.270194159871553,0.474999215582994,-0.119712962743365,-0.62342014361534,-0.0848521491054009,-0.0164714682312627,-0.211189370032925,-0.0365080911603101,0.1664393998694,0.0223327900028354,-0.0547382577229335,-0.0411318020689939,0.0819727362234258,-0.201045773964393,-0.146059311012017,-0.222495922244158,0.24211391994467,-0.358836008160289,-0.202701007872005,0.079265411092748,-0.274581443725595,-0.0847585065704139,-0.00171803765769549,0.169380451101064,-0.00550860906038934,-0.104246217404598,-0.101738599808534,-0.265814250017214,0.154019911600584,-0.0867759633091046
"5",0.721387962246688,-0.341333979287891,0.474322465727822,0.615298073688356,-1.98743326090652,-0.51282556567094,0.110218401842414,0.954869625986556,-0.584004619971539,-0.242188263995632,-0.0906243156396531,-0.128154024980371,-0.0164622412996777,0.155702930882226,0.581135277674268,-0.304125315418738,-0.105807870151553,0.777944691220163,0.285575270657933,-0.343945742817876,-0.105352048619859,0.399462664760111,-0.178802770299901,-0.409162817286208,0.351564823821632,-0.0657919767098324,0.168109331269309,0.8718265101121,-0.304721425895395,-0.0672953912769846,0.232739915078955,-0.136359560640339,0.176754346690086,0.181986464667383,-0.649261269782243,-0.14156505552366,6.65448481326145e-05,0.335171462571471,-0.202094845711963,-0.101406462793161,-0.00638077757173046,-0.0535217909634347,-0.0206739592783435,0.0627469506186022,0.187465051845863,-0.112712963888019,-0.0885669920218587,0.283824671567349,0.0878706531267051,-0.0963349638341209,-0.0196529972186473,0.17670156865553,-0.0563217899967982,-0.152788173208913,0.127172019451825,-0.0351353726466835,0.0667480805202954,0.302392248197615,-0.099405162208085,-0.00579869850587195,0.65664775639128,-0.365506641972658,0.46448591889777,0.869366942579349,-1.93716630453262,-0.587608508094927,0.152392309761335,0.930335299832222,-0.622384101438038,-0.315474934512144,-0.0248840575980977,-0.141392060913508,0.12066959248155,0.159560028174202,0.472001846193734,-0.362815194166045,-0.0524630589414684,0.802072573033122,0.286943327988299,-0.432370926773616,-0.245348131635566,0.318928539490582,-0.119008022743827,-0.399693917159463,0.441459351017736,-0.105398114702171,0.150503375882813,0.781399331301835,-0.503573525943727,-0.1380801515686,0.180268890447387,-0.234743385046096,0.248062930203318,0.174224514716108,-0.57963968224455,-0.0489855041983747,-0.132567175576249,0.394519702823836,-0.244594562419927,-0.208543518810465,0.110841952341404,-0.101149600154392,-0.0357095300650711,0.107416544347369,0.126100411836778,-0.177627691797548,-0.283976196170528,0.389906396814178,0.059042257199736,-0.052555556732016,-0.00446094893866022,0.324046248507657,-0.023273673732098,-0.21523414295404,0.197071841228982,-0.101156273617754,0.103725975780233,0.319383501235185,-0.157014609862675,0.0371387757427478
"6",0.547462971459796,-0.311175366343808,-0.406035347044381,-0.00362040818188098,0.468679903529682,-2.02122458582981,-0.617563171155931,0.0966026198964466,0.126114204429335,-0.199123568120632,0.0599364654920096,0.111617574767942,-0.126201505541695,0.547947835451788,0.128480639321812,-0.0896665069317628,-0.244640068239258,-0.0326955862287004,-0.21687803375526,-0.00982764385981643,-0.52663051006688,0.324492271983012,0.134005848359008,-0.469251204700314,-0.108601504748335,-0.00329654142285935,0.12780137518608,0.149161502343418,-0.207043260035661,-0.0675282418923654,0.178689198919619,-0.0725992844392039,-0.133556492420589,-0.00246239995243753,0.197391141306248,-0.668696684128987,-0.176014971813275,0.00823576985621244,0.0139563983166201,-0.101672775746598,0.0310381384293797,0.0403281174448707,-0.00364707007728262,0.188008334515812,0.0712400975529769,-0.0296560432473479,-0.0643528107774338,-0.00553088600118921,-0.0247553243557439,0.00352678748444606,-0.19865989384568,0.113142335297032,0.0421205755751036,-0.134693063255313,0.00170352373701074,-0.0053609424704483,0.0288586889188099,0.0332389688304725,-0.0710629235061699,-0.0474048176296126,0.595761533268605,-0.351913463483523,-0.416898362161021,0.106870428309033,0.438248553668175,-2.10612292914903,-0.49546769925167,0.296590838199656,0.0729316215069008,0.0105990222948062,0.0951065369689384,0.20591295241989,-0.328349071763847,0.591914197817487,0.0612202468255368,0.0420177894120169,-0.212344081344867,0.00472123087531997,-0.357367473400097,0.036399353733066,-0.334584698212597,0.41256371465281,0.125169979212471,-0.578652681270887,-0.347361148844755,0.0237934037621264,-0.00780167426409825,0.246976814989341,-0.174621753712353,-0.0237826345358578,0.17959488658797,0.0383247005491528,-0.130023004415983,0.0293454899772916,0.351905385204495,-0.676816753978268,-0.0159588068903819,-0.0209619044797968,-0.116097808630157,-0.172958257766999,0.0869987619831952,0.0842489467510807,0.0826508015951301,0.224100012765241,0.162472837837043,0.0151698917868705,0.0151880327299727,0.0284119573336612,0.118564276680014,0.0461464617662797,-0.227110185187801,0.162412461397742,0.028983123681328,-0.0842642021996694,0.0737330769840275,-0.0133793420601004,-0.0713094054707837,-8.20547568880711e-05,-0.0684497687088659,-0.13240456317274
"7",0.232919368697858,-0.380013780299988,-0.0741169299461952,0.721922296529666,-0.00109272704610704,-0.166287769766203,-1.98910267806331,0.044800644643146,-0.140745081683841,0.0152079664462663,0.10471654061457,0.163533241778328,-0.225558969259293,0.291284100125459,0.0242353949186531,0.130529494239306,-0.147311305464126,0.41674393162214,-0.579693009538287,0.10071466084058,0.133293660083826,-0.184824148915099,0.11235480885909,-0.223417612268855,0.240682984723159,-0.132963807281766,0.243127086437677,0.0817424012068647,-0.182112996792202,-0.360442215575322,0.0386251096810702,-0.133279193435077,-0.00980598453349614,0.276820583560145,-0.0119635715522463,-0.0149685293776955,-0.653218343666031,-0.00820646789932059,-0.101298289016488,0.0513855014613702,0.0362119740150919,0.0392911108356215,-0.0825710954399283,0.141959927522513,0.00761265717548117,0.0488754818819845,-0.058514498308084,0.14296648941637,-0.191069140934641,0.00204400500544367,0.0396414779435196,-0.0869596877528334,0.0613551415144131,-0.0838691856464394,0.0659152651346935,-0.0405568094453709,0.0733017487185414,0.0335874551833051,-0.0847473375922641,-0.0863157867532069,0.198164723482776,-0.353325189392398,-0.0724652890063116,0.750613434180756,0.0611079694028468,-0.179791705267911,-1.94551339031655,0.106391569416735,-0.0331654619830309,0.086337787262104,0.0605803118589477,0.19762878653541,-0.178710452021599,0.374904920290102,-0.0862847803435914,0.204348584090163,-0.136254855165089,0.441003259008502,-0.520440045973641,0.0976509866285651,0.191365357066643,-0.158526036811846,0.0552765985229368,-0.231261300695383,0.129264645773497,-0.222779191602106,0.354531715424968,0.000136251224793729,-0.151779347302529,-0.465070937484351,-0.12901849159682,-0.150814729806203,0.050343197574074,0.431103568311534,-0.0376273228834377,0.142373067632557,-0.599425051663488,-0.0802362240962678,-0.28297146293705,0.260360158983775,0.0267257396708262,-0.0102235866073034,-0.0964940124413525,0.349294444166831,-0.0310906324348798,0.0949444470411337,-0.0924719341552391,0.167260314047784,-0.162670704100608,-0.125087414164226,0.0398397419334353,-0.179600202842951,0.137943225647894,-0.124070341349233,-0.0284737669406324,-0.0554374322912792,0.0794741713382348,0.0317453576466822,-0.170808142408493,0.0141344463647189
"8",-0.924468362366054,1.07006678002811,-0.423161115144796,-1.19579606292911,-0.260248462618891,0.838779711901788,-0.16025094573503,-1.99104525179305,0.623958053438238,0.29401326119721,0.0803647068076128,-0.230091704893316,0.278869331578678,-0.792796497123771,-0.503421534939114,-0.020026851564163,0.0271324744244137,-0.759818241331259,-0.0588280106048526,0.329904997581218,0.139887096214667,-0.382667408660771,0.0558057893942976,0.700379763905151,0.033630589586948,0.30738314649332,-0.794748329237899,-0.564316329864618,0.401767771547863,0.114915217328313,-0.305341282281246,0.365813864224692,-0.160459138273726,-0.426508788436227,-0.0821653203807792,0.284830422579102,-0.0830547050836791,-0.655322919272083,0.211357621924283,0.136593077769712,0.0383732779264217,-0.0541327700015471,0.0951753558952113,-0.308054095810525,-0.194985793954895,0.011601704089625,0.00340779788668449,-0.233195307663902,-0.034759817355643,0.125332035408428,0.0502403743254305,-0.149151670833862,-0.000231223664721825,0.220080737963169,0.023974135942409,0.0917666318772596,-0.235079408693701,-0.20601171981518,0.12671280737008,0.0360971205945955,-0.876913313666874,1.01803471624385,-0.309593433617161,-1.07262651641509,-0.146288555807593,0.762714501417109,-0.144467327327338,-1.95522625896523,0.831023460011649,0.367895344679947,0.116823357500732,-0.220604490887621,0.391197920613762,-0.876900448374299,-0.462866621091213,0.0459157537035356,-0.0256373531126859,-0.666850511173579,0.0795329689980425,0.243344646421425,0.0209455248054063,-0.368156553406655,0.044533167031668,0.607374001124975,-0.158556130350857,0.427568427831559,-1.00158215313264,-0.487483386598706,0.346187165923801,0.114459090615721,-0.278230245351763,0.384969593157904,-0.200224977333025,-0.497092676104313,-0.0258420161416084,0.280424093531565,-0.196344391635791,-0.609947929693749,0.29386584056157,0.31557506841319,0.0968663307863312,0.0392874945185847,0.141493867049514,-0.511243133304439,-0.290181951906358,0.106691857622909,-0.0367275856448291,-0.121896306491939,-0.0492414127707796,0.157933396547251,0.0250385528711763,-0.230698190870243,-0.0793213783035492,0.135562083682251,0.0109676536168459,0.0890507245079512,-0.184677212449551,-0.25202584483444,0.0793468062452292,0.0271132709643627
"9",0.409480553017202,0.365490729027008,0.0920337688004718,-0.148078310627116,0.0259541496958502,0.39882821517024,0.0452848342476184,-0.118101610982614,-2.0170346539495,0.307869894194775,0.436637978974003,-0.266166916122661,0.391383237307328,-0.357304905944102,-0.424343821353477,0.224550779936661,0.181451828684703,-0.29331464330014,0.707848135428629,-1.09410553343186,0.244697047964955,0.429073355309555,-0.12419051506032,0.198179263962539,0.0846554610829203,0.364287171847127,-0.183651274272791,-0.275287041140111,0.249496771494904,0.40747027005756,0.13373360546931,0.133336663810581,0.0463921232113184,-0.0519579926032959,0.0127020316160399,0.161662385233498,-0.0296471781687181,-0.0324299630379967,-0.686241770652923,0.0962783190276883,0.0994583313336108,-0.114142666917623,0.101026204281242,-0.100543424862337,-0.130291414073005,0.0617044250467515,0.0528871312749757,-0.0831393703834218,0.200262546645979,-0.375330051317546,0.0914278458479818,0.127832398669334,-0.0365321322160786,0.0502116995628059,-0.00980091308992634,0.142144865319303,-0.0649900864540619,-0.0931332703332921,0.112978808560635,0.130312927084736,0.407257855803186,0.353294475410329,-0.038018533026267,-0.0785052841886214,0.0407207172941466,0.291298637096739,0.0228967776367423,-0.1391575152943,-2.0851732697475,0.297562625492671,0.305292120734958,-0.221342338240139,0.699396104915124,-0.336918038480509,-0.623071302804889,0.0397381708559366,0.259714604786701,-0.255987378037322,0.788034207268819,-1.10869805911309,0.282891562621787,0.496217024724611,-0.120342098881555,0.270903229597066,0.0506673937372054,0.347314324645922,-0.237953224237181,-0.0797808791174388,0.220614673674592,0.458683378797735,0.121953057585608,0.175296929144669,0.0658981570470502,-0.0391612067008275,0.0338268143518314,0.240697779916001,-0.216078355377374,-0.01169963531706,-0.764542186597949,0.0674626466447067,-0.128674268043632,-0.200882587130395,0.0859576608657053,-0.0195149605650183,-0.151907802377526,-0.0524831177086993,0.0485874768292735,-0.0121682390959835,0.0842439099384517,-0.422707053905656,0.143608003505579,0.0894454094056173,-0.0157905022737117,0.0110608010754867,-0.173207869342097,0.219350481733279,-0.0981827165613849,-0.0334482428054218,0.222604314869865,0.125341978260324
"10",0.451006229649413,-0.411600892417666,0.346111504260792,0.517092460267072,0.273315009981287,0.172880395798844,0.771442383056312,0.486084129650426,-1.28340643437399,-1.98434322948138,0.260485280657593,0.283917366940455,-0.428865971237948,0.173007648330481,0.0908372301559074,-0.0978937794160418,-0.279815058336875,0.320325021489728,0.641832430755116,-0.315580559874497,-0.024525223047004,0.922440864342615,0.648309443599093,-0.25922576828305,-0.618097146100578,0.124610493429781,0.432981735610548,0.337412476623519,-0.855942792676625,-0.00518793504585725,0.129600886204399,-0.093795329511487,0.151264659183979,0.124821025048211,0.117030107782453,0.0604904221576434,0.28100462508482,0.200227269305797,-0.391308343712858,-0.68345977300112,0.087466486439152,0.111494363856267,-0.15252601177882,0.0513141100659516,0.0705146467293606,-0.0467059442916037,-0.125303534390804,0.11524986839885,0.215411391066839,-0.0919883036541266,-0.0446311665761358,0.298485856919831,0.215122754784019,-0.0737233557402883,-0.271293639509576,0.0152453979765518,0.154641716572834,0.143400273736136,-0.288146161931108,-0.0199849533633316,0.647745484936087,-0.402468162706867,0.496057230575182,0.453077255907304,0.120211602200102,0.129303619492403,0.806339777118835,0.615425676283456,-1.38397036492206,-1.92171614740691,0.270920636141432,0.225599489807154,-0.503119060645326,0.169570988749523,-0.00404565029844725,-0.0205200186650905,-0.230358689002676,0.37847090289134,0.756153460711743,-0.458654559138952,0.0383641936560588,0.945106956118253,0.715943107642137,-0.40491825712624,-0.54396458886836,0.0758839053415375,0.507042183328275,0.432839827537783,-0.876871071110556,0.0913294664310296,0.112242543251666,0.082868785569719,0.344823199010304,-0.0866898899016294,0.169696056343488,0.0574193242876108,0.388065746036527,0.396138022539427,-0.278854449581667,-0.750632198338934,0.0934971764802494,0.159476037649628,-0.215559793712628,0.0247481326954647,0.199829299954141,-0.0772134286529792,-0.236945471060119,0.168531273808485,0.259387390979582,-0.0868587715261215,-0.169492396583653,0.27006349606755,0.233745737135653,-0.0715465839384379,-0.507627817003035,-0.106162530719696,0.220586417956016,0.298927183487409,-0.306449845564684,-0.0608350529298861
"11",0.389880811898022,0.0686750812855832,-0.0738358192480263,-0.110836895462499,-0.0103356014685574,-0.586531427178933,-0.350802847145706,0.0920424787789711,-0.0883509804849508,-0.454501327312507,-1.96649665483342,-0.304573334771941,-0.103586819621746,-0.0224167144047093,0.0798907457989412,0.589752895028757,0.0533097376623049,-0.0145536950987471,0.334374255702454,-0.211882460607857,0.276839120573197,0.486248913556779,-0.459311075832918,0.0188384009348551,0.09965340928343,-0.158224670702354,0.0118860999603334,-0.319187025523377,-0.63422963568163,0.153487428982362,0.14746379414018,0.0111608065953334,-0.0541437743835851,-0.0464372553109644,-0.0102440942344208,-0.1866876461466,-0.0848043447345554,0.0487325752586683,-0.0269187108541025,-0.175135712317867,-0.661915470461991,-0.115884875302988,-0.0415515811580197,-0.00769020668626905,0.0457125319014666,0.199681127533115,0.0378439498496216,-0.0162175363824529,0.113315380604948,-0.0985507163601646,0.102235952177194,0.145420032292771,-0.114401841109454,0.0289005417240164,0.02971993942383,-0.0750268989967747,-0.0127225832483319,-0.150512154392655,-0.172972493189062,0.105217639448835,0.23853191205285,0.0256893059329874,-0.0861308350774534,-0.1037446544035,0.0772675020241375,-0.628912620324955,-0.47993702828288,0.0981658728833538,-0.0939481140805024,-0.417389659540914,-1.8324832741671,-0.309763084471041,-0.037209309488491,-0.0101701561097968,0.105936852695394,0.493326036740042,0.21772715789999,-0.0482658941701173,0.380233727325175,-0.22371058482043,0.427977347520815,0.586500096597361,-0.553222265326586,0.0044526250878481,0.181887286728211,-0.233929829816646,0.226173840998665,-0.292291723156217,-0.740128304321723,0.0277690897500456,0.167028254888479,-0.0500913338549761,-0.176369451530366,-0.0820396689184901,-0.00823863471646265,-0.165523392209763,0.000670678809107178,0.122980702622841,-0.018657958155762,-0.257306235915459,-0.642910685643287,-0.175056513385385,-0.0475163095833518,-0.00447989479342871,0.130723700740896,0.179926158197658,0.172945905777597,-0.0729201548043918,0.136031052629044,-0.214186342394538,0.192440342437579,0.112185337735011,0.00910183239873028,0.114589582091273,0.0431397772228369,-0.189403320418833,-0.00803180250932668,-0.318012970476386,-0.0545225079165021,0.279532178856919
"12",0.216261303688787,0.222492567447187,0.135195567182493,0.0589155074139524,-0.805096139567906,-0.265504220164676,-0.517541427621071,0.22254031858268,-0.153792648134726,-0.21270636828688,0.350710462409333,-1.94984721470636,0.0382921863959016,-0.672102047542567,0.282174080035467,0.0246055280528722,0.585599092443666,-0.402334020750535,0.229583027934499,-0.474207835463368,0.28519153799281,0.714615540319576,-0.603698204147099,0.0991663559000706,-0.0949701849245647,-0.0906268216365982,-0.776549221537575,-0.099809914475984,-0.020708368132996,-0.0522287146918924,0.0952093575105213,0.127102280538662,0.0526613819155836,0.0341487840640792,-0.277775207596847,-0.118574904584722,-0.165748210317046,0.0352432472545025,-0.0514059967297486,-0.0714790303397558,0.148378168234828,-0.691843701536834,0.0513776795080341,-0.194732533817794,0.0911853755759147,-0.0476087073312902,0.165436382928895,-0.19472157882745,0.0864427160783993,-0.153568845100505,0.124032418254632,0.248871967129345,-0.192003092352892,0.0175908511733735,-0.0399093110059746,-0.0424902341101846,-0.256840835107328,-0.0135577165906148,0.0409217154609941,-0.0274234653513339,0.0896985162948405,0.108004499094402,0.00149284606528338,-0.0285379861773472,-0.779690730371779,-0.301048995206753,-0.428448420783959,0.188457881644596,-0.0284471330514377,-0.197466806415412,0.288186249790002,-1.7492360735318,-0.0636835037321736,-0.929030456115149,0.26150109173296,0.175646814133339,0.56247187816303,-0.26812714163708,0.176200239734689,-0.372497508348998,0.498221731269107,0.709263166864718,-0.724225044659627,0.184637690946175,-0.0517679276782001,-0.0911213225036468,-0.824212748182517,-0.0594965462674402,-0.128275449276392,0.0603257125327221,0.145510786836242,0.300691956646135,0.0384785796288569,0.0630387459046927,-0.306946048828318,-0.250717154384736,-0.10898814581143,-0.13186500081709,-0.0101912811080128,-0.0687068066924498,0.253435487088586,-0.792551841017503,0.171840252302943,-0.163169408556407,0.0728037750647818,-0.220503812033458,0.0386740532927091,-0.392426906765384,0.108308613746062,-0.101663669179908,0.31091677170818,0.289754990735672,-0.195260136405836,-0.0157771069845248,-0.0585188893816654,-0.0917802419911417,-0.264693055701523,0.0787290924177527,0.196364041101166,-0.029960898092608
"13",-0.441146163637014,0.587366510637376,-0.338330573925775,-0.56946180540411,0.0881193729303237,0.345756450735164,0.308520602835934,-0.202413518618985,-0.350589566881476,0.246126562488084,0.242261571582618,-0.102739815124646,-2.01514258424925,-0.571166387400597,-0.211400935414098,-0.377051768743183,-0.236952552381213,-0.719471802589358,0.580894053626532,-0.138769919056383,-0.826978266698044,-0.178736679576134,0.0841298916285988,0.553676771295053,-0.145528391566931,0.480788684834311,-0.223706111618962,-0.327741887657995,0.153713980849042,-0.452903603938739,-0.122315793056008,0.17678928746986,-0.145503733514359,-0.124414030015003,0.0152898252010406,0.111876589159136,0.120167706457651,-0.0624070313761378,-0.1035580195993,0.100348572186628,0.0695509290944491,-0.0400994428825002,-0.634404417175035,-0.170284667149908,-0.0809844898185926,-0.126995058093204,-0.101504686739918,-0.263831770739662,0.201336637769806,-0.0819859105219968,-0.29822158312101,-0.0410381324005499,0.0492347102963534,0.191286677377793,-0.0410429819904639,0.140322420122187,-0.0876500109415438,-0.0937292811964037,0.0659077734717607,-0.130752829460684,-0.468107132702857,0.565199392977515,-0.396699045972544,-0.768238575913061,0.113002853011106,0.344301392402479,0.316679884834171,-0.166651190143044,-0.526254315190616,0.202542166176629,0.153415845229511,-0.148602984097138,-2.07571292124623,-0.285073721738889,-0.247958451547545,-0.334349556427839,-0.174436417497359,-0.624632812621796,0.462789686890183,0.0320761117686015,-0.922302534071889,-0.186523685406626,0.0693385995491341,0.643320305155632,0.085376625108654,0.654169298080854,-0.265577348725518,-0.282527206068392,0.239334248418931,-0.504697044954603,-0.0323710701193009,0.0934020506128428,-0.295867393019686,0.0709533336274814,-0.0327488778749678,0.0978893253712322,0.192197489173087,-0.0302296892300623,-0.108892258257577,0.159045978845211,-0.0048760254222809,-0.0787985172371371,-0.505355419208511,0.00549606933849306,-0.135240373918648,-0.118005528036663,-0.170747985563352,-0.328250120256645,0.192789661768204,-0.167954316926478,-0.420244982465605,0.030529242155266,0.12906993195048,0.24807886978242,0.0657912843621176,0.1183540585807,-0.153932318251289,-0.016585661908157,0.153126982083377,-0.0671571557237236
"14",-0.344180941194893,0.419883752932151,-0.452923162816923,-0.309840175866717,-0.157378469132914,-0.0610786856313888,-0.781934236808681,-0.146489219816986,0.349483746399336,-0.220429815265485,-0.0617742840686409,-0.277052512494818,0.423995025410787,-1.97342943291003,-0.295895959279457,0.240679758423524,0.347209062414489,-0.658798667547617,0.381279484853918,0.156508111644613,1.20612644711083,0.154415141480206,-0.179621699463736,0.367188715357071,-0.3737884905479,0.0600726340092104,-0.193641404461415,-0.297646724372306,0.126591305502399,-0.585762007281802,-0.139661109496219,0.147937872068553,-0.128242091395007,-0.0787573140315857,-0.0337100910121477,-0.00122890587230042,-0.281859063638402,-0.0466527638681501,0.131343375393397,-0.0284218857892415,-0.0200543390224887,-0.0804909416996221,0.162456986520984,-0.704168531593023,-0.0936614044726276,0.0917702619431679,0.140251096584009,-0.198719157407515,0.138819985977679,0.0486240361106499,0.379453198753969,0.112625304608581,-0.0445833589630373,0.117663617915164,-0.12541211106562,-0.00167796383253037,-0.0443398276436836,-0.149942614900434,-0.00761687439864103,-0.157810359469105,-0.323852367310747,0.454386653273193,-0.446946802160957,-0.344410422433983,-0.0792373108656805,-0.00288866698393134,-0.701423059395753,-0.106194749283264,0.233322767762674,-0.17376736641437,-0.137372678584802,-0.234236253087359,0.469139019979413,-1.86714716455014,-0.191741827872231,0.172193428506641,0.316044862096911,-0.719865224225443,0.388528822913553,0.237478854366841,1.2930712624132,0.0765122343185285,-0.182660746746027,0.302605252104303,-0.440286813009091,0.143015994952893,-0.200681769857397,-0.240583593686122,0.184998705061817,-0.541616278236683,-0.23262143459319,0.191345323213576,-0.0353207863338174,0.0078102488086052,0.0673345565388916,0.0946903910295021,-0.339879276642793,-0.0245133694068618,0.152018222222316,0.167351141024812,-0.0431054478596426,-0.0187792720358668,0.262006230246744,-0.854175991298448,-0.0390610328547867,0.11511618851218,0.227921999594869,-0.135553082533359,0.188143729436384,0.061432945934508,0.318079002722866,0.331272032015403,0.01556578870903,0.0772053146821379,-0.150842008751295,-0.0608388775270383,0.0341426125981419,-0.333829731777035,-0.187403646143265,0.00667945537858292
"15",-0.511193089246355,0.356011962205147,0.0631707698890602,-0.138318860203889,-1.25758026319167,0.20718059591193,-0.0825727717625227,0.00760666397783406,-0.241848112018637,0.215904517218898,0.000784635744572208,-0.929540870522446,0.0752319767158339,-0.369637328191015,-2.01593436298688,0.469229553665008,0.195741580037608,0.0342341766008013,-0.0395347698471773,-0.153936295164236,0.375825041043762,0.298235153260421,-0.312300736226198,0.0781414795350002,0.0999475226629671,-0.300241027516743,0.0830535128811686,0.123481843074325,-0.0280852437793429,0.148139162930558,-0.202744139481112,0.140279365078553,0.0455776080948474,-0.028749764625721,-0.408365191738468,0.0875906151141193,-0.0301054056054482,0.00323660965963759,-0.0600650636040946,0.0836294427244688,-0.0393356978105243,-0.312790176953506,0.0734546687281364,-0.121923164610974,-0.682928629831632,0.16453891921365,0.040226586497346,-0.0274206642811881,-0.0111736014026992,-0.0381783770070646,0.121109868741802,0.104073590107447,-0.0819684891218722,0.0066845846641303,-0.0148903328055325,-0.0956024513689402,-0.0197488516746916,0.0209865851977842,-0.000293471956702202,0.0337563881679656,-0.429084346293596,0.328025609961874,-0.159652953727957,-0.339337479176697,-1.31065129573198,0.231576134652109,-0.131741482110545,0.222542853687169,-0.318116897909232,0.216476360050525,-0.095045985689748,-1.03900484887441,-0.0316680728847516,-0.406761431286449,-2.07967181493441,0.488249055044158,0.294109673418114,0.115031126901683,-0.0108642761717362,-0.169084297682116,0.459062338732226,0.385303834507779,-0.363602850316195,0.146906285989378,0.157865254931385,-0.287308620334118,0.0941489647363392,0.0889272434239856,-0.132685052266893,0.185472218632335,-0.304760330759502,0.217385425038146,0.0693857727498176,-0.026329882514355,-0.382742618616885,0.169844127268084,-0.0568195691265517,0.077686226230854,-0.00328409729248857,0.130465138274356,-0.229668210523491,-0.361051050188259,0.231330691486042,-0.129140753165329,-0.747976482491493,0.20339502497462,-0.027066476436579,-0.155816573440048,0.00640185067455419,0.00930717434436532,0.132195054880149,0.151743973272458,-0.0105421686710967,-0.0478441139078894,-0.188409116822146,-0.0733800844281687,-0.205783791596626,-0.0712277313269581,0.00111302909309617,-0.0162925911669902
"16",-1.00178524250725,0.607152591882675,0.0543186518252962,-0.0527701055945105,-0.0459657742900019,0.646026406418941,-0.107945216641268,-0.130005644449114,-0.142591605302181,0.3396277062426,0.144839339871996,-0.0928383630776037,0.0264490194663742,-0.667016821368365,-0.136778257319902,-2.03931681363486,-0.00417331150868713,-0.429085138984196,0.727529176417544,0.0716815149858833,-1.05140728451501,-0.375556468779764,-0.00519508749595963,0.440323595408149,-0.163504575682189,0.764095962318503,-0.271264420100295,-0.534745037077415,0.481573958081053,-0.536240356849616,-0.387065861811784,0.219168050031952,0.00781555593544218,-0.0674205713590303,-0.02018806439076,0.24252104356879,-0.0179184486814312,-0.0483064639848694,-0.0288553575124782,0.0718689108932334,0.0563126660876868,-0.00754700990273898,0.0250813465095205,-0.246375218205301,-0.0648858078527471,-0.700597903631295,0.0269042656940744,-0.154321312429391,0.232396622575111,0.0143955107513673,-0.340334375027114,-0.153787079854283,-0.0101236325780143,0.11770611981301,-0.0370318971508947,0.292597303488373,-0.09315331497775,-0.185977076000536,0.156487996506486,-0.184578442063804,-1.07436604030199,0.61388491658009,0.0424587093009471,0.0312709472334078,-0.0746470096525097,0.64820432933396,-0.159069019841849,-0.0670323250177212,-0.16171633994307,0.337249072272396,-0.0230610697201665,-0.0984541747368963,-0.0631085208477427,-0.647272296224969,0.00146161589222649,-2.1965840681743,-0.0241803676606291,-0.370503405118331,0.566311357271796,0.0430619285345993,-1.1199751065838,-0.483474437473818,-0.0955346288642495,0.478035387135544,-0.308038464919607,0.580645738787404,-0.301406674451863,-0.495689620682162,0.456511402312605,-0.587415481297095,-0.623809251647505,0.28854756921533,-0.0373004035979671,-0.238729031726498,-0.0492130346879668,0.351962650257033,0.0372934443810078,-0.0472003541817315,0.0394704412935531,-0.0942852651807003,0.0324774074117187,0.0841774973700124,0.0602888598210648,-0.335938820820884,-0.0959780717664903,-0.836322851489807,0.133416725097974,-0.179965798879404,0.138204937936914,-0.0331376617081028,-0.322651436471816,-0.304166097129748,-0.0738045600182217,0.0140030690966476,-0.0153313479240273,0.383041826506829,-0.11412809953888,-0.203873525101043,0.131987186501544,-0.224963442668692
"17",0.35532487710532,-0.689490822643722,0.385444239401243,1.11236482899933,-0.346435259285718,0.0891130762000952,-0.0728351770612201,0.621497327496634,-0.418973749095121,-0.474339001666728,-0.182307215838622,0.00431450021101255,0.560242868430724,-0.0375788935086709,-0.275693661320317,0.359439273407326,-1.99625600202186,0.706890336735703,-0.00544899985582249,-0.124656416868838,1.13599865465807,0.443161247948781,-0.0355600807653655,-0.378009769901568,-0.108098502062446,-0.224110381750721,0.371084726471254,0.817511137219973,-0.418098642872182,0.0860290505729437,0.0978539890533062,-0.190200076123038,0.113233196074746,0.365154052899764,-0.124134860833067,0.0146741438348203,-0.0324729609262405,0.226137316252963,-0.152955605931395,-0.14238672399578,-0.0770891800321255,-0.0191593908626689,0.168893481570288,-0.01732780925584,-0.115095033565291,0.113552263578979,-0.686454306726245,0.243416939750844,-0.0463996673677162,-0.0319617522614446,0.367576114775058,0.136315780592527,-0.0527827638710423,-0.149282722623739,-0.0495540474122958,-0.0874833719596987,0.0958909281946754,0.27520664341063,-0.170887072454655,0.0507840164033258,0.385387586757921,-0.64130787504361,0.531850203337626,0.966430624203165,-0.447169505686073,0.172540373266347,-0.0182808152100091,0.695281488985297,-0.341760271753754,-0.302860644142001,-0.231804167527984,0.176415374889265,0.614400592325951,-0.0670801137820602,-0.336666656397003,0.369538033291549,-1.98128001010931,0.594660574883087,0.129239373331993,-0.172053127397147,1.29112822219702,0.363962265343366,-0.0707875231700381,-0.384646856180082,-0.0460752723250335,-0.249939514200538,0.323392166835407,0.910946829530335,-0.392678811543232,0.176063236693761,0.0255243456769708,-0.0156183012235218,0.101042315817535,0.29397242423433,-0.19233870725116,-0.0176376167372748,-0.0470664479325051,0.326618198432192,-0.18040853841636,-0.0223221652483528,-0.158868596272252,-0.044182663035277,0.115529491242218,-0.0463675950254352,-0.228207951091596,0.0918752066465363,-0.765604866964561,0.237154329155745,-0.179836879301546,-0.00939910899154154,0.374925556844186,0.0642975781624562,-0.228242859136282,-0.244612948676107,-0.0829644910657467,-0.147212728280804,-0.0312225142002444,0.317163598196641,-0.288497228000715,0.16922607662631
"18",-0.169792823275465,-0.0160683041630507,-0.142350158370073,-0.0586730822011574,0.0135451168396275,-0.0941527425070334,-0.171225362086131,-0.249864550255936,0.200374086450929,-0.160001999578228,0.221992639502874,-0.260890113819435,0.0367152930450198,0.129309381785792,0.549244419958642,0.181771953675393,0.605124019212633,-1.9834996106796,-0.167783591403324,-0.532145673591166,-0.138470318586371,-0.0468800841787588,-0.105154431057237,-0.363894122098154,0.0649209800495653,0.0591723893347813,-0.310604396618305,-0.528067852597688,0.00409470886277098,0.118819407014581,-0.0965319377751462,-0.00873288561666575,-0.0469680297247371,-0.0238327457502701,-0.0406374987274012,-0.0394686959384361,-0.096737528497635,-0.0713203887910674,0.0674249159877525,-0.0721879596594323,0.033971902983125,-0.115615170102628,-0.0192509021965143,0.0536162776642832,0.144662299389934,0.0413871218999724,0.198522201286926,-0.658049744515788,-0.0590424971413608,-0.231129372437684,-0.0518264530319808,0.00395808147940814,-0.0598340934392676,-0.125755141918361,0.00568015252934539,-0.0320723645060946,-0.080347540326511,-0.180684062523289,-0.0319332467869555,0.0288636258168761,-0.172185782668901,-0.103474381933019,-0.0906037245536665,-0.0216349427135523,0.0898326961878778,-0.179533922721058,-0.0181829771896599,-0.331164147024643,0.33174085383684,-0.133662099492087,0.304893754692826,-0.225195061957316,0.0297330377077678,0.154713799566146,0.499391110934474,0.108689198706102,0.648004893373456,-1.91749805339799,-0.22617466552254,-0.553754826581378,-0.216244076248276,0.0423292928097083,-0.10168421068517,-0.382685138201976,-0.0741252600132765,0.286392761023067,-0.418863376624275,-0.481453209797147,0.102839501780222,0.171138210351226,-0.257066910972923,-0.0513753817892505,-0.0277911261914533,-0.0285869059872722,-0.195818456307092,-0.100266883087478,-0.204373031407844,-0.050549075870325,0.113748053799494,-0.138823832164144,-0.0984969660248903,-0.218324014799855,-0.147535653488349,0.104137018533812,-0.0256321660032432,-0.0597879137237588,0.200072605538059,-0.623582055912276,-0.0909647218754433,-0.453322348396938,-0.10042975959871,0.112033645298208,-0.157807818996001,-0.149847218828873,-0.104509290773641,-0.16351821774742,-0.0236848328101383,-0.183791628219344,-0.132210914779322,0.00333185417715436
"19",0.488640494585289,-0.73928041810194,-0.31522869432945,0.459243107940618,0.436825401954685,-0.385493666729524,0.468787015875208,-0.185251600512617,-0.280595347756278,-0.475671549678038,-0.19764913289303,0.292690113107748,-0.272931114837326,0.957415976661416,0.00743603793630026,-0.00735286984533504,0.0600931103076822,0.707885410802713,-2.00972051914102,0.161265621212276,0.12992120589696,0.335471648988255,0.410430063341421,-0.364585030232862,-0.437839169588021,-0.66637899933786,0.532815978928364,0.315377476251428,-0.346244898174997,0.238197195854816,0.180576759811019,-0.202237295395283,-0.106892219328193,0.0980943454032631,0.119557009335637,-0.146179714750965,0.195174014444936,-0.0389412944329192,-0.114253590356268,-0.152221601550306,-0.0642111567195654,0.0659076251366237,-0.0720876095217464,0.352085932277191,-0.0184115792788061,-0.0295817346383791,0.0123859599229728,0.268244924536601,-0.648675121476732,0.0401347414916722,0.0426308122034349,0.131262681257862,0.154166047233936,-0.112148659670103,-0.115013638265655,-0.224688308698187,0.20846257706011,0.114325287132071,-0.0823897390468484,0.0590261889491619,0.412282246914742,-0.824962371378864,-0.394840445691409,0.458657557284067,0.577464706746879,-0.430254719954227,0.442345760922584,-0.124301689099048,-0.282891493541147,-0.516996279158343,-0.0914782454047507,0.479671611423974,-0.1246028283055,0.998060525213851,-0.15358808303097,-0.0586985510276865,0.0524493107006305,0.588672920749913,-2.04860259570509,0.214649512043311,-0.0141074150077226,0.355562999944356,0.55397267156202,-0.294266144684647,-0.377360827509714,-0.627852496012039,0.314016988312778,0.307324930938943,-0.479450959168171,0.0881577709607131,0.225910390384526,-0.0540399039328036,-0.140693421322352,-0.122047600456691,0.0622309456693389,-0.231827369190361,0.342006966073529,0.0726122989900827,-0.197906203367925,-0.140654184674249,-0.0221333105776949,0.0016118076448632,0.0529128676849785,0.49742320868821,-0.155647320631521,-0.155220073792233,-0.0207422806643962,0.357639911595123,-0.576708940716992,0.00344750945233879,-0.00808375381366681,0.215714991290337,0.271437687787985,-0.0511902961906255,0.0288768154818551,-0.22209404326518,0.25895858319087,0.148438952220955,0.00530914866802958,-0.0724784580253128
"20",0.577630237604739,-0.170597791084362,-0.0496220185643083,0.362088122868353,0.473488948776222,-0.0168471397066861,-0.314371550084551,-0.0655365876249257,0.210121115057145,-0.149636295683491,0.0097589709236584,0.266106334687725,-0.0999646511526199,0.193650653287888,0.0235559775656404,0.761447120265981,-0.0518401396189738,0.102038268280578,0.0466366335842014,-1.95713999323265,0.328973134097885,-0.582129274386243,0.0648518071300661,-0.139317551245522,0.152490191031314,0.00517576450590148,0.0373374234730365,-0.29630363652191,-0.273501361790055,0.0910785352838401,0.211857696056808,-0.00520538539717424,0.0138871137625492,0.122240507464396,0.172184309076351,-0.0185855934339917,-0.103540177034078,-0.0109234142838542,0.0641361539526485,-0.0629782240282573,-0.00944108817674355,0.106972186003813,-0.012894830194476,0.067255855473758,0.0232645024101226,0.236017887320566,-0.0733438011778063,0.0381240546897479,0.0140075447588619,-0.638149637365205,0.123103910604915,-0.20403512864183,0.0217362758350283,-0.00938679998590044,0.00862067697866956,0.0151483233115388,0.00798010541227845,-0.0975555356816079,-0.0604939502186894,0.0154783396972918,0.374223779076109,-0.32789429868756,0.0106101677846514,0.361431165537461,0.605287621275505,-0.0282989521178393,-0.415738142350477,-0.049340444439821,0.293942353829256,-0.132547201321886,0.110625515366959,0.222511161010491,-0.125129629741878,0.290905823861853,0.169460693566284,0.825052911406611,0.0122367123925572,0.0138118113108422,0.0805892201063166,-1.78569996616324,0.187165099981225,-0.524363759722992,0.0973266611013389,-0.306103313329194,0.263389235090087,-0.101558636262642,0.0825612448009128,-0.281305816926345,-0.382342540739368,0.13010105795529,0.221312677301511,0.149004625258879,0.155675655681477,0.128199387720544,0.273535837846556,-0.0742823850314279,-0.132327682479632,0.0381637598089981,0.0684596959444201,-0.109679694442763,-0.0265952206341622,0.165520759209688,0.0604237243680275,0.110496796509594,0.13354944729664,0.186028539961733,-0.276239869059889,0.0251604300847231,0.0191730745227461,-0.524081520159357,0.129619362855176,-0.22474810580641,0.0330372543254779,0.0832274810366355,-0.123250521795479,0.0332624636269779,0.00519190287330245,-0.0877068898469712,0.0259183383101879,-0.0310388410015115
"21",0.154450171670733,-0.12607245001936,0.272535664672948,0.430458553029828,0.325042550381474,0.101871990622482,0.308628036964817,0.124262867100445,-0.0821316904695539,0.0643059156603367,-0.235809519741047,0.57502283856137,0.334650196446733,-0.0219377835417921,0.42182797080638,0.0801462977691536,-0.796515428386419,0.194697518538288,0.556510867095911,-0.013222801057575,-1.99346357791986,-0.523025987939889,0.393776624302351,0.148108443595652,-0.269981144250592,0.318475498331729,0.127905232944307,0.113794146383292,-0.640787919606192,-0.0831421590901323,0.0752169358964171,-0.0366647577169365,0.101160373441446,0.131990904333434,0.0773841910173073,0.0404825229694891,0.0669969079559457,0.0383301451163764,-0.0440879603182658,0.0256601710659884,-0.0437028980272419,0.18091291529904,0.15219809115204,-0.017610678796173,0.161047511864381,0.07850052481213,-0.305261888829116,0.0860477624700639,0.166903181788482,-0.0352896767541615,-0.670342115355667,-0.164325616739918,0.162234949655264,0.0505492723147103,-0.0810215738765195,0.115672370249141,0.0355093298558531,0.0688980240573734,-0.229764732367929,0.00161954004758,0.129677544909527,-0.122926085831101,0.37829939587841,0.462645579310147,0.450928402085634,0.137843673311697,0.374277989688028,-0.0178665888996415,-0.171707911949388,0.0520936408596558,-0.384677774021412,0.672019338719423,0.418883585108034,0.0498761547391268,0.374674599620652,-0.015590679223719,-0.791263433864957,0.188701661771729,0.534530756598134,-0.0380169382505728,-1.96731788959931,-0.536069132726993,0.349956432838368,0.0698383732837948,-0.412576799483298,0.400921418336676,0.25417979467089,0.116973153028936,-0.674521721689539,-0.124521199338574,0.161893575000705,-0.0141784004961154,0.177675558045122,0.0967387930541726,-0.00450716152070865,0.0785738549138748,-0.0546361919322902,-0.0214095825520733,-0.140789621458535,0.0384888761825996,0.0462754514250651,0.170199625132724,0.342867990051656,-0.0348650364981695,0.227082474518157,0.253728568037488,-0.462538208123202,0.168643502043749,0.0851747159819354,-0.167082694758373,-0.685043910111666,-0.128607814708773,0.271532518718525,0.0291784133420631,-0.0926648954593757,0.181209826805051,0.0490978592623842,0.193824260657693,-0.305684369725837,0.105160898941929
"22",-0.472316906877003,0.269095490663701,-0.233904019946369,-0.305582720663728,-0.070509479735679,-0.25755592128009,0.181333808777359,-0.110812372455407,0.657172060767638,0.459885246180601,-0.682085316910216,0.321762954235979,0.151533853929508,-0.0528742681510127,-0.0871877500079199,-0.0403586686630285,-0.127243238628221,-0.0579479069111189,-0.190957035683682,0.918138272344598,-0.265883672191032,-2.01915255762603,-0.243083811919667,0.0898776726207637,0.0891783309298309,0.379759699587456,-0.0951124802221354,0.0323398456134194,0.058995239807496,0.0857352135808359,-0.14555746012187,0.0714391965432312,-0.0798175113008848,-0.0921989089465293,-0.0178657817195367,-0.0857264474974736,0.0895164065805785,-0.073360100384155,0.243895880690371,0.191498852005148,-0.222422643348813,0.152333109589825,0.0604791184619499,-0.0176267895539082,-0.0772964971780826,0.0321808556017098,-0.0391978897245214,0.0174659374971912,-0.105087974043551,0.256195771197295,-0.0822253694842024,-0.682527938532223,-0.0501791835945171,-0.0275870628423649,0.0395137907790631,0.065132411032237,-0.0592547767193589,0.0172919343504135,0.0167734273037353,-0.0168885981044966,-0.452963249871876,0.205649360061057,-0.338841465053087,-0.225371243082933,-0.050149595832791,-0.471052404936859,0.157547563880654,-0.170492610941796,0.557317822872864,0.292231382886197,-0.663338965931127,0.417203542671118,0.146054093995511,-0.171173411901633,-0.0085870918340845,-0.130019133798179,-0.0656582112787075,-0.103057584438379,-0.274578696258014,1.00337145069575,-0.419383988467721,-2.09576278813016,-0.268201009927154,0.0739698209144377,0.240896987008447,0.381637652723189,0.00825826709802527,0.189969799918107,0.109240873864446,0.232221773458902,-0.0915802057716388,-0.0227467150363273,-0.122194678278171,-0.026813757987411,0.0114703590175176,-0.156389836999505,0.197874872900845,-0.238944084809028,0.30996524313008,0.288429310686803,-0.196417343870745,0.364461805112867,0.098523867092406,-0.0570679714850642,-0.244031933155242,0.184829014514203,-0.00580345466847467,0.149557004191695,-0.298704376164288,0.0852055523107302,-0.107782056591865,-0.745973025994447,0.0648434319178078,-0.263074828274952,0.12923739801508,-0.180058226576846,-0.135000327527227,0.0958831957024042,0.0219553614609987,-0.149927755337576
"23",-0.216359239538206,0.585375757096782,-0.280427734401647,-0.358603033949134,-0.221059629160051,0.201897083752756,-0.75728363903103,-0.540457609227175,0.3520638375938,0.277594215566111,0.596782053391719,-0.564126575914876,-0.130098767179186,-0.15965645448812,0.0916280014066189,0.0480058215697121,1.04336216552377,-0.759182898188819,-0.360075311894786,-0.167513067959205,-0.184825967419683,0.207062014044326,-1.97137292219437,0.671758062608956,0.276746942856608,-0.228913629835417,-0.373659195935347,-0.838113337449799,0.269051336613787,0.645730317043902,-0.0651839313957196,0.201174317347378,-0.0916823786643165,-0.140391018791335,-0.0516748415663018,0.0733185806820486,-0.23087179751054,-0.220187821614057,0.104703044137983,0.11403702040835,0.198727799307447,-0.182602364864863,-0.0521996108401935,-0.034495076304555,0.0435040042327128,-0.0131376077075391,0.361666775705124,-0.282483210944352,-0.138370054028228,-0.0520332278597321,-0.13662493456596,0.0907662848779717,-0.710631055346359,0.255935085383837,0.112642262464046,-0.0608657748200941,-0.1001678692572,-0.283914872057319,0.0666086538019131,0.239909149421466,-0.275517853041566,0.628544584103101,-0.224212063970716,-0.467379544790033,-0.250535492226349,0.207357023589116,-0.834648241557183,-0.623920980268682,0.476249526368518,0.155475433939483,0.58411188544136,-0.623747298169718,-0.155108993460438,-0.357340103687059,0.0565492149146711,0.0373096511464427,0.909511813769261,-0.825142004325299,-0.387032469499198,-0.230903211199751,-0.209762862297923,0.30427959843158,-1.85686461097183,0.630821127223733,0.273544628357069,-0.354528720181008,-0.332130152324715,-0.730639889965437,0.21733881695708,0.635283645152289,-0.0571602087621095,0.239760186276622,-0.065769690642409,-0.260076552304795,0.026546676693126,0.0992167716853544,-0.170435669686714,-0.408150086114554,0.0954920001564216,0.159353220744727,0.193706202698156,-0.180716630522761,-0.0958697733891373,-0.0254946586049285,0.0836564237907561,-0.133261190771734,0.372567540575764,-0.422158559182162,-0.220735573482894,-0.0579454297665696,-0.4450023478963,0.210154600459843,-0.886488610065129,0.370352364978834,0.193147950344905,-0.040982397768444,0.0112159294980076,-0.266265427858741,-0.0429293530277191,0.335089767084923
"24",0.231690932030461,-1.35904040762645,-0.120873598864361,0.599501337288525,0.399187501249614,-0.369404642010122,0.551187347712867,0.817376584843361,0.275997475282329,-0.841671575559749,-0.371128780425952,0.416188292508627,-0.269578136807433,0.935579945407668,0.512971409570214,-0.324102972909759,-0.239438841688692,0.921910702365809,-0.0565600736360637,0.510914897852231,-0.42673554775708,0.296272266547688,-0.075824297853625,-1.9741923431629,-0.428555265472408,0.0863763624916868,0.545271298730441,1.14228023597509,-0.562405109167187,0.0580767999371961,0.0744501618352811,-0.442002991827001,-0.0159171709275259,0.206637188224721,0.095441722452624,-0.11752740406289,0.19649940969726,0.27170692326926,0.0821313851241414,-0.297854649650091,-0.0951796305178818,0.161464396375581,-0.0985050384377031,0.304264485963492,0.145863932230365,-0.127441529853137,-0.0797445700676631,0.276181016816432,0.0452176573570566,0.191714023448843,-0.114151326075459,0.122287661541496,-0.0562374620116361,-0.685578283954827,-0.119895755896555,0.00152354718530651,0.174610865565499,0.32249468468274,-0.206648816252484,0.0245359924767013,0.168105425946789,-1.37269505255276,-0.258382616801501,0.577728819651494,0.392552957840661,-0.437217670514331,0.615956862644106,0.722615539516344,0.207227799707646,-0.904216364774125,-0.441831984142193,0.524739628687599,-0.158353714412253,1.00135444768258,0.502164514565087,-0.218692230823313,-0.324578268812662,0.946665161784673,0.0870545218024722,0.643219150878938,-0.424819901506033,0.242904035376944,-0.0404210434007202,-1.87096171581449,-0.469694583750081,0.174344999042161,0.601890475624749,1.07257532267285,-0.571527257911665,0.0591785977345415,0.0421343977745677,-0.402512630608514,0.0357426045358044,0.226593318859897,-0.0572529038726829,-0.117701840469024,0.269170423179559,0.23711215477948,0.0197370667193744,-0.387892743908914,-0.00462751326022018,0.288588037259392,-0.0960128689802113,0.295807336698875,0.0417554833898293,-0.169933438023859,-0.107850870461383,0.159942300734034,0.34937325011288,0.321451671116808,-0.00113735128417136,0.198619208586982,-0.168287161435712,-0.761224753107469,-0.0417848649454569,-0.0782278685455584,0.164898988485012,0.0661981376794954,-0.286411318620996,0.0456114950663601
"25",-0.131293926671792,0.0593019830714489,0.0826077968400271,-0.217300151642018,0.544618550333674,0.20973783189368,0.171301175875726,-0.149778331435439,0.0479540107595836,-0.0744148274275545,0.0507693246396943,0.474396363036334,0.256289993905325,0.374757819382268,0.0316254929602718,-0.0388241607330552,0.214747765566283,-0.0755531510869124,0.337946889866626,0.105224705240594,-0.311452829935252,-0.213065539853146,0.172967381413566,0.000878219616896986,-2.0167152140746,0.155347850939053,0.0312269288852728,-0.129957404876213,0.0444810898882754,0.120086261223649,-0.0447218096594271,0.0306265718005931,0.0262996780827454,-0.0678041369066567,0.149735082209724,0.102054912818703,0.0512037724377482,-0.0275933449836282,0.0521466390376484,-0.0389146450325873,0.00118524655913429,0.196178400745543,0.122633049074644,0.153565803310501,0.0134326332250332,-0.0275170034000938,0.0979088638321092,-0.0133043684890894,0.128969345925186,0.0145343620065706,-0.145911025755743,-0.0988824451907802,0.0553286057945967,0.0300419653932691,-0.666444950212696,0.0449644995159452,0.0063718167432508,-0.0896295645323442,0.0131654571140134,0.0506551372222529,-0.0614867525017649,-0.00113846076265657,0.0441701175263555,-0.205025867640229,0.665288590753104,0.333369024758481,0.106204109488785,-0.229514777306337,-0.0786184852094727,-0.143925758120346,0.101631534908293,0.501298915436702,0.272112455021356,0.400698621241384,0.106364556782483,-0.14947157438093,-0.0599039881886924,-0.102292736464703,0.330738283680004,0.119187523845196,-0.141956460325427,-0.178164924437032,0.174187304898823,-0.0453661923978481,-2.08357607037302,0.0972185347684798,0.0232760232863508,0.152065353547242,0.152985999037331,0.0713209147201727,-0.0252814213447373,0.0539167336296651,0.00854210152246719,-0.0451957210099964,0.062740690743531,0.271834519190209,0.00591827222545879,0.0351589017054778,0.154603682185778,-0.118523765490461,-0.0448121299677214,0.35733103714606,0.2767194072048,0.276798857995854,0.0499088634522077,-0.122701940572354,0.111663380487177,0.0253024972111729,0.191848007741554,-0.0629735240864055,-0.257785898995104,-0.198691301011001,0.0464264949166478,0.133624063472234,-0.665558084396813,-0.00168440906253522,-0.012427123330417,-0.180863696685619,0.0426874687687184,0.0769055556452399
"26",0.495242156750502,-0.369624827154203,-0.0209053934876273,-0.339598522179976,0.222453561558913,-0.215045275751443,-0.0416772878356585,-0.126308878545915,0.298431441482667,0.0465251595871129,-0.407761359062909,-0.0590434874719638,-0.4405875989069,0.391677686695471,0.333435752214827,-0.203055142419703,0.658900954656106,-0.0692052106733038,-0.234817108274489,-0.0544662925517471,0.101989624813232,-0.0554263444180179,-0.148722581718734,-0.0490378833750563,0.777804876450811,-1.97595535840294,-0.524000049581989,-0.24256114756228,0.270149869296239,0.0278022412696028,0.150922433196209,-0.0982792361153619,-0.0420775948211243,-0.0743200668508258,0.0897311800766156,-0.03914660277982,-0.0202254605532428,-0.0890143961416935,0.11364470260107,0.0502654368108529,-0.154441694404835,-0.0123996406464268,-0.131671370463494,0.137690960211768,0.0773013854679317,-0.0352131920719043,0.239515458549773,-0.0346534501001106,-0.0873604438971128,0.029082009327523,0.042337736791671,-0.00107116673256239,-0.0276798250906817,0.0158723704950751,0.25781132501856,-0.653549848483663,-0.202344844531452,-0.0957234891903355,0.093773146776913,0.0367950808709873,0.47909376261697,-0.322700127370639,-0.136340912950662,-0.410237466328294,0.198101218768269,-0.120597497285956,0.0527780389853825,-0.154952352935042,0.268618946445405,-0.048499231193932,-0.344999937493217,-0.0548918531880317,-0.46987738749407,0.341723560359769,0.497664316568203,-0.271961338366507,0.67037700822404,-0.0624490963261988,-0.153776566220739,-0.232092726167741,-0.0891393559191871,-0.198660912249462,-0.165045755622993,-0.248420905848374,0.894923369378944,-1.8797767920147,-0.591894461992315,-0.343023699851846,0.230475948545886,-0.0339189350944548,0.088906492269199,0.0170784888899826,-0.220992622609796,0.0576513806030663,0.143933704040979,0.122476613257986,-0.0140724767116558,-0.286207967443623,0.160377426016041,0.157618841011099,-0.207606186083732,0.0181103248251281,-0.0806699833039915,0.149566510019643,-0.00333122082898657,0.0717054975511469,0.322868037730033,-0.0787415981537795,-0.0966992277683286,0.158822958834613,0.0119928572965721,0.0208011029507304,0.0544565922034838,0.0782846894843447,0.291022954134429,-0.601082575751648,-0.335688960684717,-0.18869009996516,0.0954412679061285,0.126332023874114
"27",0.0207838162633453,0.57989139664365,-0.437426645907394,-0.119158570592853,0.0245509670846742,-0.379569841006758,-0.290881395087923,-0.00512201416087836,0.0100784318557842,0.143605980041084,0.177248562243913,0.157770745010848,-0.143029965670109,-0.0287558298106339,-0.117535365584962,0.0753600621761551,0.423114220897998,-0.245474016388946,-0.240305036910535,-0.0868141890780284,-0.296096076918946,0.0536985120018515,-0.687409982029875,0.108654704750452,0.655842087097075,0.124788819409084,-1.97164087736454,-0.252301785445092,-0.143285311115852,0.205100385796152,-0.00828049544665124,0.184951151864452,-0.167939098455691,-0.0599645163148663,0.0321797924298446,-0.139705293224179,-0.101560253027355,-0.0330562821446083,0.050730432251583,0.0737705954075695,0.0303303941372261,0.0630520356438242,-0.045994605506634,0.00683359192051214,-0.0497833648997686,0.0381122021468686,0.0994150915266199,-0.0795146999418362,-0.0656998444467852,-0.0382899601756709,-0.074243472441004,-0.0037776982181297,-0.198070895301949,0.0213490525555358,0.262471927921705,0.0665962829011247,-0.642822255751421,-0.10767285038704,-0.0527048383654229,0.0485003494442766,0.149422815987693,0.534656051046392,-0.48699322649713,-0.2225363833916,-0.0599979190458138,-0.216004377500564,-0.292835117582201,-0.100328968989768,-0.0520768344429503,0.00242763357558898,0.152164556065565,0.374668914677324,-0.00199872301759174,-0.247100915213456,0.0101209348404355,0.0392538661170454,0.481371592862358,-0.191112270734262,-0.316193423776083,-0.214223295665033,-0.226924680635505,-0.000661610692879025,-0.759689639970849,0.151183378943268,0.662824595826068,0.136596168560269,-1.85820438682272,-0.246019304495258,-0.251285344521786,0.272458070136632,-0.0262345656762675,0.136488781931642,-0.272982157931839,-0.175403758383443,0.0999813773261615,-0.137911523609819,-0.12061064585097,-0.190187710118167,0.219495830017291,0.130318888161237,-0.0930407810318693,0.17719857476015,0.00774400757781381,-0.000272629117534914,-0.049650903577095,0.078045529146433,-0.0476577129094449,-0.0521542293056914,-0.0333886353083961,-0.118167250969985,0.046634539114722,-0.108606547991361,-0.0979010531169043,-0.0239514521586517,0.440231026388755,0.170532105010572,-0.547444612090439,-0.199867711025135,-0.108477121474623,-0.0085128723933262
"28",-0.146087192173256,0.573196594506384,-0.272521475512685,-0.0879787659957041,-0.297833219636519,0.396819566668716,-0.449710653605866,-0.411869235808682,-0.054813087721042,0.246486327392887,0.682425191055391,-0.219589321809646,-0.405660544111906,-0.210413408430769,-0.341565272960311,0.447550473643918,0.0878917672738727,-0.14094709400814,-0.375829455651792,0.00253154952031323,0.211398300472713,-0.143245765105989,-0.0633628002998783,0.132687706269809,0.432697784653386,-0.233262935312864,-0.163230891162566,-1.96128217997976,0.362135990810562,-0.0150074648257052,-0.0759468354514426,0.201399929970183,-0.0857373896713639,0.00350782707897505,-0.0910900879452712,0.120009559824812,-0.148543057430111,-0.131987846797199,-0.0150516581142494,0.0856513604385486,0.227775448227382,-0.0617709945705141,-0.133249769849765,-0.0481375668915754,-0.120219219286393,0.108910920746441,0.056244037713897,-0.0990665456638284,-0.149490553647975,0.0122043719722536,0.0730456959134929,-0.00280778322652084,-0.0202508300739953,0.080651173490635,0.153410230508796,-0.103766713323413,-0.0422565484764159,-0.646353836124019,0.114226152264592,-0.0265986941688845,-0.170353717040814,0.489713679568121,-0.14874935466635,-0.146643740565915,-0.211584836444417,0.379910191100026,-0.524262262204002,-0.44447135337217,-0.0653630869636909,0.265707378309158,0.587010510111366,-0.248968210661739,-0.477382744241333,0.039286246461717,-0.267675354574282,0.437049301585971,0.0732433403046288,0.0364670234019267,-0.341449720072945,-0.210542794011665,0.161712061714073,-0.296051006840839,-0.0947016232109129,0.0676944555159896,0.410766936614374,-0.272323374433014,-0.171079025682693,-1.80641089989879,0.337611192565815,-0.0106225694743857,-0.193040095982057,0.214909885529647,-0.0240676073911277,0.115289165199077,-0.0295900191469625,0.0653185850428784,-0.167951618542115,-0.121647625428916,-0.00569084002407424,0.106015382640983,0.19717209274838,-0.0258621733904072,-0.149275523809426,0.123096595080644,-0.12104575968954,-0.0556797518123341,0.159148356547907,-0.248265230504933,-0.234886915511202,-0.0133783206764759,0.066801999350968,0.126020356763764,-0.0272166909404835,0.204674508842157,0.182810490326459,-0.220836465906631,0.00374240099463342,-0.565102513953427,0.0801078408272922,-0.111521885959709
"29",-0.0175861596230138,-0.134878447136128,-0.0222125899640637,-0.301239096195976,0.418010360703907,0.196227012710354,0.589220000578073,-0.0326926804498359,0.20570999710393,-0.121117505538618,-0.172022713055167,0.590434594951768,0.148577780378418,0.0415509771886852,0.150695374366293,-0.0270396909406218,-0.530386062775877,-0.0283868750913036,0.105687235405061,-0.152815695315452,0.471831119293476,-0.126116882993588,0.19872077397068,-0.0148953630256482,-0.163980022237652,-0.0312201406287085,0.49147907603575,0.00733398030951104,-1.98097667381222,0.0425504383446598,0.0361286190309461,-0.0776675910045265,0.0152944118969362,-0.123225177763703,0.171127362642685,0.0436545783065289,0.14376896704691,-0.0154562709901028,0.0438673683893232,-0.0587294445936479,-0.0268645585277249,0.128097992315948,-0.00941370802135835,0.0133657837351179,0.0678881534571711,-0.0029130330303725,-0.171257396641274,-0.0300867491576688,0.0123502360294171,-0.0152028481549059,0.177058621624907,-0.0462129228504854,0.0775001418917332,-0.0109364971611245,-0.0380977644518116,0.0211738461200107,0.144858674740688,0.0378848706638098,-0.652947389016374,0.0170540087456416,-0.0867797514946062,-0.197472976036524,-0.0725075059726932,-0.365475572333827,0.374302375082073,0.309553162173563,0.441160133243354,-0.021270843162387,0.253815238338247,0.00320225311779321,-0.174749239982017,0.77334316482744,0.160594854110291,-0.0205350660863204,0.0751670107293894,-0.0374242267867953,-0.585270874762301,-0.120315461928773,0.231892547200565,-0.100328221747562,0.383340730968656,-0.0590678468429651,0.199133453347561,0.0375903820887265,-0.169790634263944,-0.18547099614288,0.527122161536493,-0.0336725169516652,-1.90488336906109,0.0035884428929592,0.181026777361552,-0.229364868474594,0.0893238741005562,-0.235885919269829,0.283720337067607,-0.00558774226009037,-0.116135121314453,-0.0298838352549166,-0.0389080737805182,-0.0907172960312788,0.0941319824593146,-0.0857866417307246,-0.241166556034058,-0.00926773200099265,0.113337480251831,0.0180262441535754,-0.167400503500674,-0.143227441279096,-0.037096696461161,0.145235844168704,0.226688152958295,-0.0405590915441019,0.122677237290054,-0.0173267533999665,0.0262143367157131,0.0960791329336078,0.0808689674893547,0.165976880485975,-0.598070278415203,0.0155487941180945
"30",0.160200654469471,-0.160859026331475,-0.177554828548025,0.0764099608492692,0.0783445042075955,-0.554131158917365,-0.273935258001506,0.163859636577271,-0.0548583104005536,-0.354427623689091,-0.603355781975616,-0.151180216468777,-0.164772188423303,-0.373186679725453,0.0115134838406062,0.12286291251266,-0.447388085303212,-0.366285203711713,0.295018700656724,-0.156389243866988,0.148871867686517,0.26389923228658,-0.0501081324791062,-0.0680327250562476,-0.227567305564375,0.0735688926864503,0.0339721668684746,0.37755383826043,-0.299440665628714,-2.03807970579248,0.0745490478967238,-0.0725994248192483,-0.035069738595766,0.0371845969866148,0.0255088419555251,-0.165093069802228,-0.0795976782494466,0.0557665084239502,-0.0413387917161418,-0.117688359773777,-0.160991888334619,-0.0455524054222372,-0.0602350288245494,-0.0876778244895736,0.059003106186973,-0.00929929098445308,-0.157332089028162,-0.156152990612202,0.0850091057534582,-0.0583554978831192,0.0714185164409457,0.11514987920892,-0.0477651473046287,-0.018947012406171,-0.0889115560995839,0.0112639793118741,0.0238525972819067,0.133759459606828,-0.137058150848817,-0.738939555239285,0.261814231390628,-0.255411159451408,-0.338243020500983,0.0792400892172624,0.118289319221341,-0.425885375628691,-0.296670098171633,0.180370411012427,-0.086777047758237,-0.302209592704528,-0.632516795091999,-0.207034575845935,-0.161421832911001,-0.295677167307459,-0.113159886398106,0.20700251331918,-0.434083120895104,-0.229089458189432,0.215086920455335,-0.0296104343049323,-0.107679553931856,0.119404270459608,0.167230774259722,-0.058601146826151,-0.203741445449348,0.0858517160069378,0.0749030814144161,0.306893447682824,-0.16907619289659,-2.1903985289624,0.19301555916471,-0.180035800027586,0.00782834776755007,0.0849864132567127,0.0363998091720798,-0.0438752093584301,-0.0403196606352682,0.0658566181617749,-0.144189123832532,-0.0984656236219098,-0.0102054034110661,-0.0448065249452033,-0.0803621077209095,0.0850296213254013,0.23810642906782,-0.182267138003638,-0.185708009933825,-0.246652766271299,0.00504333449119641,-0.0409988944055941,0.0730796180832488,0.175718765720169,-0.0995685909713927,-0.000880902545825887,-0.133192753040411,-0.0376776859157342,0.0876104021002144,0.141838716827696,-0.24258170916176,-1.02803110952976
