Frank_TF30_TA0_1,,,,
0.1,0.5,,,
0.0339384116165932,5.3085023040102,,,
0.0198173953073695,0.0881060964441347,,,
0.019073431555256,0.100625788511473,,,
0.019524543894588,0.0975450423818175,,,
Frank_TF30_TA0_2,,,,
0.1,0.5,,,
0.0301312750619219,0.27340320994341,,,
0.0170446472634117,0.0830166163120028,,,
0.0162279458021966,0.0901323663045219,,,
0.0166463328552935,0.0882348014438907,,,
Frank_TF30_TA0_3,,,,
0.1,0.5,,,
0.0410933069640727,4.5693155315124,,,
0.0246773542610931,0.101237117530807,,,
0.0247369053335767,0.110269940857923,,,
0.0247906715324991,0.111672406921031,,,
Frank_TF30_TA0_4,,,,
0.1,0.5,,,
0.0374146038320018,2.13232240907833,,,
0.0246498189520071,0.113498148279234,,,
0.0225580955853004,0.103211318653811,,,
0.0232931522486075,0.116825437063247,,,
Frank_TF30_TA0_5,,,,
0.1,0.5,,,
0.0280849327904323,122.694342679414,,,
0.0175025481581601,0.0845374471502735,,,
0.0171888150241025,0.0950181282167328,,,
0.0171522840996542,0.0930836764249303,,,
Frank_TF60_TA0_1,,,,
0.1,0.5,,,
0.0270111010843914,4.73998590523163,,,
0.0149935594118931,0.0699619457508258,,,
0.0123770756117884,0.0624237939209634,,,
0.0137063062211249,0.0677992880431027,,,
Frank_TF60_TA0_2,,,,
0.1,0.5,,,
0.0239003200846028,2.27110778471,,,
0.0143638685927609,0.0669804402320496,,,
0.0126981019159319,0.0638493578284719,,,
0.0132247139392512,0.0663212035953208,,,
Frank_TF60_TA0_3,,,,
0.1,0.5,,,
0.0205810195817809,1.76517147521742,,,
0.0118789949599242,0.0559328339555165,,,
0.0107177837109295,0.0567093348232721,,,
0.011187519759983,0.0579438861735625,,,
Frank_TF60_TA0_4,,,,
0.1,0.5,,,
0.0240627861340613,3.51295317214344,,,
0.0136597322829263,0.0662590210049054,,,
0.0114822671824115,0.0582796045246219,,,
0.0124324871516672,0.0624417591542834,,,
Frank_TF60_TA0_5,,,,
0.1,0.5,,,
0.0317327873977824,10.8285342219409,,,
0.0187455984028676,0.0814780012903042,,,
0.0152668442897581,0.0695356132473825,,,
0.0171125704312254,0.0778908601242416,,,
Frank_TF100_TA0_1,,,,
0.1,0.5,,,
0.0150141056004027,3.42448485097692,,,
0.00865469244281237,0.0415445896555668,,,
0.00611062410890531,0.0306195899551509,,,
0.00739907610695154,0.035719180626758,,,
Frank_TF100_TA0_2,,,,
0.1,0.5,,,
0.024360028236989,1.72778675730088,,,
0.0139605243431944,0.0632741249839762,,,
0.00975266795970444,0.049695365066463,,,
0.0119446505813199,0.056367186982121,,,
Frank_TF100_TA0_3,,,,
0.1,0.5,,,
0.0149225578253856,1.18417122895307,,,
0.00860038319399666,0.0405597720861535,,,
0.00794826934647652,0.0412730837803651,,,
0.008103445352967,0.0417387043904481,,,
Frank_TF100_TA0_4,,,,
0.1,0.5,,,
0.0218512652887897,34.872181021827,,,
0.0123447027200015,0.0571935559570828,,,
0.0095380703038807,0.0469638584219839,,,
0.0106803486125922,0.0517035435741213,,,
Frank_TF100_TA0_5,,,,
0.1,0.5,,,
0.0175371284265079,21.0677445469813,,,
0.0102519248613427,0.0478953939977639,,,
0.00837190651786185,0.0409421295815262,,,
0.00913903149846293,0.0441179111833928,,,
Frank_TF200_TA0_1,,,,
Frank_TF200_TA0_1,,,,
0.1,0.5,,,
0.014933554447853,50.4841444217391,,,
0.00853559665027343,0.0400391728475472,,,
0.00565160741214055,0.0287150381883974,,,
Frank_TF200_TA0_2,,,,
0.1,0.5,,,
0.0119219433447365,2.82053317941921,,,
0.00695555969175911,0.0330534918971745,,,
0.00517593013618494,0.0253978229574425,,,
Frank_TF200_TA0_3,,,,
0.1,0.5,,,
0.0118989604198671,5.38509045577533,,,
0.006886018115637,0.0327013780756851,,,
0.00515588465588855,0.025074292058441,,,
Frank_TF200_TA0_4,,,,
0.1,0.5,,,
0.0203987163070712,3.23662919400444,,,
0.0114160370056209,0.0506525185621167,,,
0.00762016921644773,0.03755810487568,,,
Frank_TF200_TA0_5,,,,
0.1,0.5,,,
0.0100831909211742,4.20612590832016,,,
0.00583226268312366,0.028247481193912,,,
0.00462675929152832,0.022610824342549,,,
Frank_TF300_TA0_1,,,,
Frank_TF300_TA0_1,,MRA < 1s,LSE_CI 33s,STEP-Fo > 10 min
0.1,0.5,,,
0.0128868237052014,5.51106985280289,,,
0.0073422205993749,0.0339764540739521,,,
Frank_TF300_TA0_2,,,,
0.1,0.5,,,
0.00988532287644275,5.67885353066627,,,
0.00580584822945906,0.0277221152865921,,,
Frank_TF300_TA0_3,,,,
0.1,0.5,,,
0.00631190801368703,0.0604825147497416,,,
0.00373319331173062,0.01825559384961,,,
Frank_TF300_TA0_4,,,,
0.1,0.5,,,
0.0086925003430024,7.5642928843134,,,
0.00508692594015414,0.0245342065698156,,,
Frank_TF300_TA0_5,,,,
0.1,0.5,,,
0.00948600481153125,3.53258420031686,,,
0.00551614323502149,0.0264893734468812,,,
Frank_TF500_TA0_1,,,,
Frank_TF500_TA0_1,,,,
Frank_TF30_TA0_1,,,,
Frank_TF30_TA0_1,,,,
Frank_TF30_TA0_1,,,,
Frank_TF30_TA0_1,,,,
Frank_TF30_TA0_1,,,,
Frank_TF30_TA0_1,,,,
Frank_TF30_TA0_1,,,,
Frank_TF30_TA0_1,,,,
"Frank_TF500_TA0_1"
0.1	0.5
0.00562652598132733	0.0751797181242916
0.00331763537442506	0.0161368060823596
"Frank_TF500_TA0_2"
0.1	0.5
0.00693081250008841	19.2787058554653
0.00405170813909405	0.0194147284103168
"Frank_TF500_TA0_3"
0.1	0.5
0.00659512095087847	12.0981072681017
0.00387704279378199	0.0186783948146822
"Frank_TF500_TA0_4"
0.1	0.5
0.00788596217623845	2.57938089775093
0.004584311083227	0.0218534342545947
"Frank_TF500_TA0_5"
0.1	0.5
0.00639122571452445	1.90353157228304
0.00374406762158874	0.01809203927447
"Frank_TF800_TA0_1"
0.1	0.5
0.00508050826363399	7.00578715596271
0.00298304591004526	0.0144173199590006
"Frank_TF800_TA0_2"
0.1	0.5
0.00436349122707596	0.0489736955240739
0.0025771674194788	0.0125415507914303
"Frank_TF800_TA0_3"
0.1	0.5
0.00449732184937139	0.613658007583291
0.002646027653861	0.0128678200938403
"Frank_TF800_TA0_4"
0.1	0.5
0.003783780327371	0.0319249551560854
0.00224424615018385	0.011000397299181
"Frank_TF800_TA0_5"
0.1	0.5
0.00539495515652542	11.9175671684423
0.00316333437109794	0.0152007917348187
"Frank_TF1000_TA0_1"
0.1	0.5
0.00359840554892759	0.0340866516668142
0.00212179726563404	0.010360371108367
"Frank_TF1000_TA0_2"
0.1	0.5
0.00544038052078097	5.15583776419539
0.00316346971622173	0.0151073685108511
"Frank_TF1000_TA0_3"
0.1	0.5
0.00636661772216919	5.89503756025915
0.00367127834138505	0.0173315836784633
"Frank_TF1000_TA0_4"
0.1	0.5
0.00414397671751696	0.0741769167654135
0.00244141603245749	0.0118232474225604
"Frank_TF1000_TA0_5"
0.1	0.5
0.00338262759643253	0.0286247937826359
0.00200318323910688	0.00981489488519121
"Frank_TF30_TA30_1"
0.1	0.5
0.012362996848257	0.0944357096580919
0.00716687735989454	0.0350810401601731
"Frank_TF30_TA30_2"
0.1	0.5
0.010130689280176	0.0631320573742074
0.00602377294771241	0.0301837743393137
"Frank_TF30_TA30_3"
0.1	0.5
0.0129027371017594	0.113209182184624
0.00784893656845346	0.0389070711763145
"Frank_TF30_TA30_4"
0.1	0.5
0.0130149032830695	0.0849382211417847
0.00769845516268289	0.0372787873300773
"Frank_TF30_TA30_5"
0.1	0.5
0.0104137141768368	0.0671641117376886
0.006184012865148	0.0307789518828132
"Frank_TF50_TA50_1"
0.1	0.5
0.0110181227815438	0.100464187194148
0.00635986447388186	0.0315081054209748
"Frank_TF50_TA50_2"
0.1	0.5
0.00797264320122843	0.0534575960875254
0.00472715931281618	0.0234888197667835
"Frank_TF50_TA50_3"
0.1	0.5
0.00791831982429447	0.0560806958193983
0.00473901103349358	0.0233177847710593
"Frank_TF50_TA50_4"
0.1	0.5
0.0100615780250806	0.0959230851539529
0.00591565297531502	0.0296796707942359
"Frank_TF50_TA50_5"
0.1	0.5
0.00508511893250381	0.0280345551940767
0.003055839984551	0.0151756422622855
"Frank_TF100_TA100_1"
0.1	0.5
0.00664988104492428	0.0489901342565716
0.00397680419871191	0.0195911403812688
"Frank_TF100_TA100_2"
0.1	0.5
0.0100721729998326	0.594595064371464
0.00592346901271986	0.0290130604496665
"Frank_TF100_TA100_3"
0.1	0.5
0.00424642785713506	0.024077523491729
0.00253650922160061	0.0125968459361688
"Frank_TF100_TA100_4"
0.1	0.5
0.00727175055494372	0.0632988336712115
0.00429438855672273	0.0211883833522904
"Frank_TF100_TA100_5"
0.1	0.5
0.00565248534041033	0.0362763492873535
0.00333655406634451	0.0166289787727458
"Frank_TF150_TA150_1"
0.1	0.5
0.0051893128092386	0.0348276470056932
0.00306849902018139	0.0151820043931444
"Frank_TF150_TA150_2"
0.1	0.5
0.00379702488472029	0.0221643714190068
0.00226312902757229	0.011251199893791
"Frank_TF150_TA150_3"
0.1	0.5
0.00513419911144352	0.0350957923424848
0.00304598091831222	0.0150766564935433
"Frank_TF150_TA150_4"
0.1	0.5
0.00400910947981437	0.0237696884725465
0.00239540331229276	0.0118911268226165
"Frank_TF150_TA150_5"
0.1	0.5
0.00665335646834105	0.0644401133037394
0.00391797313784833	0.0192816192483067
"Frank_TF250_TA250_1"
0.1	0.5
0.00586836345632796	0.0846854339405631
0.0034735440390204	0.0170455545986342
"Frank_TF250_TA250_2"
0.1	0.5
0.00446348889881113	0.0352055215244097
0.00263796378507295	0.0130401724388297
"Frank_TF250_TA250_3"
0.1	0.5
0.00349179611473893	0.0216446281162999
0.00208185242424455	0.0103225974941333
"Frank_TF250_TA250_4"
0.1	0.5
0.00554715517316415	0.089875160867425
0.0033010854984084	0.0162297061448803
"Frank_TF250_TA250_5"
0.1	0.5
0.00579791079946427	0.107572825085037
0.00340801562840996	0.0167292296329239
"Frank_TF400_TA400_1"
0.1	0.5
0.0037029031784527	0.0283585343653318
0.00218923578333655	0.0108290690331724
"Frank_TF400_TA400_2"
0.1	0.5
0.00425020658557051	0.0421234197608567
0.00251580924229461	0.0124050621968281
"Frank_TF400_TA400_3"
0.1	0.5
0.00197330124617811	0.0109273775446878
0.00118094271544394	0.0058819733852769
"Frank_TF400_TA400_4"
0.1	0.5
0.00393623187499926	0.0348076906253584
0.00233253000202358	0.0115238036770998
"Frank_TF400_TA400_5"
0.1	0.5
0.00401727480903134	0.0392864131713107
0.00237816867289244	0.0117255339197533
"Frank_TF500_TA500_1"
0.1	0.5
0.00157090916046495	0.0085530140472753
0.000938980624389463	0.00468063636611316
"Frank_TF500_TA500_2"
0.1	0.5
0.00210270833968815	0.0122638455581324
0.00125476784097086	0.00623625480311119
"Frank_TF500_TA500_3"
0.1	0.5
0.00222825220208689	0.0132580704660557
0.00132807957503365	0.00659900107006853
"Frank_TF500_TA500_4"
0.1	0.5
0.00260138162607051	0.0166449390457166
0.0015535367464283	0.00769856450751382
"Frank_TF500_TA500_5"
0.1	0.5
0.00197697623633463	0.0112887596858104
0.00117963598414043	0.0058673757994614
